,topic1,topic2,topic3,topic4,topic5,topic6,topic7,topic8,topic9,topic10,topic11,topic12,topic13,topic14,topic15,topic16,topic17,topic18,topic19,topic20
0,0.0007353221881203353,0.0007353221881203353,0.0007353221881203353,0.0007353221881203353,0.0007353221881203353,0.0007353221881203353,0.0007353221881203353,0.0007353221881203353,0.0007353221881203353,0.0007353221881203353,0.9860289096832275,0.0007353221881203353,0.0007353221881203353,0.0007353221881203353,0.0007353221881203353,0.0007353221881203353,0.0007353221881203353,0.0007353221881203353,0.0007353221881203353,0.0007353221881203353
1,0.9838972687721252,0.0008475129725411534,0.0008475129725411534,0.0008475129725411534,0.0008475129725411534,0.0008475129725411534,0.0008475129725411534,0.0008475129725411534,0.0008475129725411534,0.0008475129725411534,0.0008475129725411534,0.0008475129725411534,0.0008475129725411534,0.0008475129725411534,0.0008475129725411534,0.0008475129725411534,0.0008475129725411534,0.0008475129725411534,0.0008475129725411534,0.0008475129725411534
2,0.0006944714114069939,0.0006944714114069939,0.9868050813674927,0.0006944714114069939,0.0006944714114069939,0.0006944714114069939,0.0006944714114069939,0.0006944714114069939,0.0006944714114069939,0.0006944714114069939,0.0006944714114069939,0.0006944714114069939,0.0006944714114069939,0.0006944714114069939,0.0006944714114069939,0.0006944714114069939,0.0006944714114069939,0.0006944714114069939,0.0006944714114069939,0.0006944714114069939
3,0.0008620988228358328,0.0008620988228358328,0.0008620988228358328,0.0008620988228358328,0.0008620988228358328,0.0008620988228358328,0.0008620988228358328,0.0008620988228358328,0.0008620988228358328,0.0008620988228358328,0.0008620988228358328,0.0008620988228358328,0.0008620988228358328,0.0008620988228358328,0.9836201071739197,0.0008620988228358328,0.0008620988228358328,0.0008620988228358328,0.0008620988228358328,0.0008620988228358328
4,0.0006757202208973467,0.9871613383293152,0.0006757202208973467,0.0006757202208973467,0.0006757202208973467,0.0006757202208973467,0.0006757202208973467,0.0006757202208973467,0.0006757202208973467,0.0006757202208973467,0.0006757202208973467,0.0006757202208973467,0.0006757202208973467,0.0006757202208973467,0.0006757202208973467,0.0006757202208973467,0.0006757202208973467,0.0006757202208973467,0.0006757202208973467,0.0006757202208973467
5,0.0008928944007493556,0.0008928944007493556,0.0008928944007493556,0.0008928944007493556,0.9830349683761597,0.0008928944007493556,0.0008928944007493556,0.0008928944007493556,0.0008928944007493556,0.0008928944007493556,0.0008928944007493556,0.0008928944007493556,0.0008928944007493556,0.0008928944007493556,0.0008928944007493556,0.0008928944007493556,0.0008928944007493556,0.0008928944007493556,0.0008928944007493556,0.0008928944007493556
6,0.002500076312571764,0.002500076312571764,0.0025000772438943386,0.002500076312571764,0.002500076312571764,0.002500076312571764,0.002500076312571764,0.002500076312571764,0.002500076312571764,0.0025000765454024076,0.002500076312571764,0.002500076312571764,0.9524984955787659,0.002500076312571764,0.002500076312571764,0.002500076312571764,0.002500076312571764,0.002500076312571764,0.002500076312571764,0.002500076312571764
7,0.0006410556379705667,0.0006410556379705667,0.9878199696540833,0.0006410556379705667,0.0006410556379705667,0.0006410556379705667,0.0006410556379705667,0.0006410556379705667,0.0006410556379705667,0.0006410556379705667,0.0006410556379705667,0.0006410556379705667,0.0006410556379705667,0.0006410556379705667,0.0006410556379705667,0.0006410556379705667,0.0006410556379705667,0.0006410556379705667,0.0006410556379705667,0.0006410556379705667
8,0.012500175274908543,0.012500175274908543,0.012500175274908543,0.012500175274908543,0.012500175274908543,0.012500175274908543,0.012500175274908543,0.012500175274908543,0.012500175274908543,0.012500175274908543,0.012500175274908543,0.012500176206231117,0.012500176206231117,0.012500175274908543,0.012500175274908543,0.012500175274908543,0.012500175274908543,0.012500175274908543,0.012500175274908543,0.7624966502189636
9,0.0010204584104940295,0.0010204584104940295,0.0010204584104940295,0.0010204584104940295,0.0010204584104940295,0.0010204584104940295,0.0010204584104940295,0.0010204584104940295,0.0010204584104940295,0.0010204584104940295,0.0010204584104940295,0.0010204584104940295,0.0010204584104940295,0.0010204584104940295,0.980611264705658,0.0010204584104940295,0.0010204584104940295,0.0010204584104940295,0.0010204584104940295,0.0010204584104940295
10,0.0005319334450177848,0.0005319334450177848,0.0005319334450177848,0.0005319334450177848,0.0005319334450177848,0.0005319334450177848,0.0005319334450177848,0.0005319334450177848,0.0005319334450177848,0.0005319334450177848,0.0005319334450177848,0.0005319334450177848,0.0005319334450177848,0.0005319334450177848,0.9898933172225952,0.0005319334450177848,0.0005319334450177848,0.0005319334450177848,0.0005319334450177848,0.0005319334450177848
11,0.0011364211095497012,0.0011364211095497012,0.0011364211095497012,0.2928881347179413,0.0011364211095497012,0.0011364211095497012,0.0011364211095497012,0.0011364211095497012,0.0011364211095497012,0.0011364211095497012,0.0011364211095497012,0.0011364211095497012,0.0011364211095497012,0.6866562366485596,0.0011364211095497012,0.0011364211095497012,0.0011364211095497012,0.0011364211095497012,0.0011364211095497012,0.0011364211095497012
12,0.0009434789535589516,0.0009434789535589516,0.0009434789535589516,0.683154284954071,0.0009434789535589516,0.0009434789535589516,0.0009434789535589516,0.0009434789535589516,0.0009434789535589516,0.0009434789535589516,0.0009434789535589516,0.0009434789535589516,0.0009434789535589516,0.2998631000518799,0.0009434789535589516,0.0009434789535589516,0.0009434789535589516,0.0009434789535589516,0.0009434789535589516,0.0009434789535589516
13,0.0004762049356941134,0.0004762049356941134,0.0004762049356941134,0.0004762049356941134,0.0004762049356941134,0.9909521341323853,0.0004762049356941134,0.0004762049356941134,0.0004762049356941134,0.0004762049356941134,0.0004762049356941134,0.0004762049356941134,0.0004762049356941134,0.0004762049356941134,0.0004762049356941134,0.0004762049356941134,0.0004762049356941134,0.0004762049356941134,0.0004762049356941134,0.0004762049356941134
14,0.0006494101835414767,0.0006494101835414767,0.0006494101835414767,0.0006494101835414767,0.24713177978992462,0.17179100215435028,0.0006494101835414767,0.0006494101835414767,0.0006494101835414767,0.0006494101835414767,0.0006494101835414767,0.3438214361667633,0.0006494101835414767,0.2268652319908142,0.0006494101835414767,0.0006494101835414767,0.0006494101835414767,0.0006494101835414767,0.0006494101835414767,0.0006494101835414767
15,0.0011111755156889558,0.0011111755156889558,0.0011111755156889558,0.0011111755156889558,0.0011111755156889558,0.0011111755156889558,0.0011111755156889558,0.0011111756321042776,0.978887677192688,0.0011111755156889558,0.0011111755156889558,0.0011111755156889558,0.0011111755156889558,0.0011111755156889558,0.0011111755156889558,0.0011111755156889558,0.0011111755156889558,0.0011111755156889558,0.0011111755156889558,0.0011111755156889558
16,0.0012500562006607652,0.0012500562006607652,0.0012500562006607652,0.0012500562006607652,0.0012500562006607652,0.0012500562006607652,0.0012500562006607652,0.0012500562006607652,0.0012500562006607652,0.0012500562006607652,0.0012500562006607652,0.573386549949646,0.0012500562006607652,0.0012500562006607652,0.0012500562006607652,0.0012500562006607652,0.40411245822906494,0.0012500562006607652,0.0012500562006607652,0.0012500562006607652
17,0.0004386206273920834,0.0004386206273920834,0.0004386206273920834,0.0004386206273920834,0.0004386206273920834,0.0004386206273920834,0.0004386206273920834,0.9916662573814392,0.0004386206273920834,0.0004386206273920834,0.0004386206273920834,0.0004386206273920834,0.0004386206273920834,0.0004386206273920834,0.0004386206273920834,0.0004386206273920834,0.0004386206273920834,0.0004386206273920834,0.0004386206273920834,0.0004386206273920834
18,0.0009091562242247164,0.5060195922851562,0.0009091562242247164,0.0009091563988476992,0.0009091562242247164,0.0009091562242247164,0.0009091562242247164,0.0009091562242247164,0.0009091562242247164,0.0009091562242247164,0.0009091562242247164,0.4776155948638916,0.0009091562242247164,0.0009091562242247164,0.0009091562242247164,0.0009091562242247164,0.0009091562242247164,0.0009091562242247164,0.0009091562242247164,0.0009091562242247164
19,0.00048079638509079814,0.00048079638509079814,0.00048079638509079814,0.00048079638509079814,0.00048079638509079814,0.00048079638509079814,0.00048079638509079814,0.00048079638509079814,0.00048079638509079814,0.00048079638509079814,0.00048079638509079814,0.9908648729324341,0.00048079638509079814,0.00048079638509079814,0.00048079638509079814,0.00048079638509079814,0.00048079638509079814,0.00048079638509079814,0.00048079638509079814,0.00048079638509079814
20,0.0010000343900173903,0.0010000343900173903,0.0010000343900173903,0.0010000343900173903,0.0010000343900173903,0.0010000343900173903,0.0010000343900173903,0.0010000343900173903,0.0010000343900173903,0.0010000343900173903,0.0010000343900173903,0.0010000343900173903,0.0010000343900173903,0.0010000343900173903,0.9809993505477905,0.0010000343900173903,0.0010000343900173903,0.0010000343900173903,0.0010000343900173903,0.0010000343900173903
21,0.0009804494911804795,0.0009804494911804795,0.0009804494911804795,0.0009804494911804795,0.0009804494911804795,0.0009804494911804795,0.0009804494911804795,0.0009804494911804795,0.0009804497240111232,0.0009804494911804795,0.0009804494911804795,0.0009804494911804795,0.0009804494911804795,0.0009804494911804795,0.0009804494911804795,0.0009804494911804795,0.0009804494911804795,0.0009804494911804795,0.9813714623451233,0.0009804494911804795
22,0.0010638933163136244,0.9797860383987427,0.0010638933163136244,0.0010638933163136244,0.0010638933163136244,0.0010638933163136244,0.0010638933163136244,0.0010638933163136244,0.0010638933163136244,0.0010638933163136244,0.0010638933163136244,0.001063893549144268,0.0010638933163136244,0.0010638933163136244,0.0010638933163136244,0.0010638933163136244,0.0010638933163136244,0.0010638933163136244,0.0010638933163136244,0.0010638933163136244
23,0.0010204946156591177,0.9806106090545654,0.0010204946156591177,0.0010204946156591177,0.0010204946156591177,0.0010204946156591177,0.0010204946156591177,0.0010204946156591177,0.0010204946156591177,0.0010204946156591177,0.0010204946156591177,0.0010204946156591177,0.0010204946156591177,0.0010204946156591177,0.0010204946156591177,0.0010204946156591177,0.0010204946156591177,0.0010204946156591177,0.0010204946156591177,0.0010204946156591177
24,0.0010000508045777678,0.0010000508045777678,0.0010000508045777678,0.0010000508045777678,0.0010000508045777678,0.0010000508045777678,0.0010000508045777678,0.0010000508045777678,0.0010000508045777678,0.0010000508045777678,0.0010000508045777678,0.0010000508045777678,0.0010000508045777678,0.0010000508045777678,0.0010000508045777678,0.0010000508045777678,0.0010000508045777678,0.0010000508045777678,0.9809989929199219,0.0010000508045777678
25,0.000666686799377203,0.000666686799377203,0.000666686799377203,0.000666686799377203,0.000666686799377203,0.000666686799377203,0.000666686799377203,0.0006666870322078466,0.000666686799377203,0.000666686799377203,0.000666686799377203,0.000666686799377203,0.000666686799377203,0.000666686799377203,0.000666686799377203,0.000666686799377203,0.9873329997062683,0.000666686799377203,0.000666686799377203,0.000666686799377203
26,0.0009259978542104363,0.9824060201644897,0.0009259978542104363,0.0009259978542104363,0.0009259978542104363,0.0009259978542104363,0.0009259978542104363,0.0009259978542104363,0.0009259978542104363,0.0009259978542104363,0.0009259978542104363,0.0009259978542104363,0.0009259978542104363,0.0009259978542104363,0.0009259978542104363,0.0009259978542104363,0.0009259978542104363,0.0009259978542104363,0.0009259978542104363,0.0009259978542104363
27,0.0006944998167455196,0.0006944998167455196,0.0006944998167455196,0.8116400241851807,0.0006944998167455196,0.0006944998167455196,0.0006944998167455196,0.0006944998167455196,0.0006944998167455196,0.0006944998167455196,0.0006944998167455196,0.0006944998167455196,0.0006944998167455196,0.0006944998167455196,0.0006944998167455196,0.17585891485214233,0.0006944998167455196,0.0006944998167455196,0.0006944998167455196,0.0006944998167455196
28,0.0007576154312118888,0.0007576154312118888,0.0007576154312118888,0.0007576154312118888,0.0007576154312118888,0.0007576154312118888,0.0007576154312118888,0.0007576154312118888,0.0007576154312118888,0.0007576154312118888,0.0007576154312118888,0.9856053590774536,0.0007576154312118888,0.0007576154312118888,0.0007576154312118888,0.0007576154312118888,0.0007576154312118888,0.0007576154312118888,0.0007576154312118888,0.0007576154312118888
29,0.0007813107222318649,0.0007813107222318649,0.0007813107222318649,0.0007813107222318649,0.0007813107222318649,0.0007813107222318649,0.0007813107222318649,0.0007813107222318649,0.0007813107222318649,0.0007813107222318649,0.0007813107222318649,0.0007813107222318649,0.0007813107222318649,0.9851551055908203,0.0007813107222318649,0.0007813107222318649,0.0007813107222318649,0.0007813107222318649,0.0007813107222318649,0.0007813107222318649
30,0.0010000445181503892,0.0010000445181503892,0.0010000445181503892,0.0010000445181503892,0.0010000445181503892,0.0010000445181503892,0.0010000445181503892,0.0010000445181503892,0.0010000445181503892,0.0010000445181503892,0.9809991121292114,0.0010000445181503892,0.0010000445181503892,0.0010000445181503892,0.0010000445181503892,0.0010000445181503892,0.0010000445181503892,0.0010000445181503892,0.0010000445181503892,0.0010000445181503892
31,0.001162846339866519,0.001162846339866519,0.001162846339866519,0.001162846339866519,0.001162846339866519,0.001162846339866519,0.001162846339866519,0.001162846339866519,0.6943804621696472,0.001162846339866519,0.001162846339866519,0.001162846339866519,0.001162846339866519,0.2846883237361908,0.001162846339866519,0.001162846339866519,0.001162846339866519,0.001162846339866519,0.001162846339866519,0.001162846339866519
32,0.0006579263717867434,0.0006579263717867434,0.0006579263717867434,0.0006579263717867434,0.0006579263717867434,0.0006579263717867434,0.0006579263717867434,0.0006579263717867434,0.0006579263717867434,0.0006579263717867434,0.0006579263717867434,0.9874994158744812,0.0006579263717867434,0.0006579263717867434,0.0006579263717867434,0.0006579263717867434,0.0006579263717867434,0.0006579263717867434,0.0006579263717867434,0.0006579263717867434
33,0.0011905103456228971,0.0011905103456228971,0.0011905103456228971,0.0011905103456228971,0.0011905103456228971,0.0011905103456228971,0.0011905103456228971,0.0011905103456228971,0.0011905103456228971,0.001190510462038219,0.0011905103456228971,0.0011905103456228971,0.0011905103456228971,0.0011905103456228971,0.0011905103456228971,0.0011905103456228971,0.9773802757263184,0.0011905103456228971,0.0011905103456228971,0.0011905103456228971
34,0.001136438106186688,0.001136438106186688,0.001136438106186688,0.001136438106186688,0.001136438106186688,0.001136438106186688,0.2662728428840637,0.001136438106186688,0.7132712602615356,0.001136438106186688,0.001136438106186688,0.001136438106186688,0.001136438106186688,0.001136438106186688,0.001136438106186688,0.001136438106186688,0.001136438106186688,0.001136438106186688,0.001136438106186688,0.001136438106186688
35,0.0008929022587835789,0.0008929022587835789,0.0008929022587835789,0.0008929022587835789,0.0008929022587835789,0.0008929022587835789,0.0008929022587835789,0.0008929022587835789,0.0008929022587835789,0.0008929023751989007,0.0008929022587835789,0.0008929022587835789,0.0008929022587835789,0.0008929022587835789,0.0008929022587835789,0.0008929022587835789,0.0008929022587835789,0.0008929022587835789,0.9830348491668701,0.0008929022587835789
36,0.0007463259389624,0.0007463259389624,0.0007463259389624,0.0007463259389624,0.0007463259389624,0.0007463259389624,0.0007463259389624,0.9858198761940002,0.0007463259389624,0.0007463259389624,0.0007463259389624,0.0007463259389624,0.0007463259389624,0.0007463259389624,0.0007463259389624,0.0007463259389624,0.0007463259389624,0.0007463259389624,0.0007463259389624,0.0007463259389624
37,0.0008928959723562002,0.0008928959723562002,0.0008928959723562002,0.0008928959723562002,0.0008928959723562002,0.0008928959723562002,0.0008928959723562002,0.0008928959723562002,0.0008928959723562002,0.0008928959723562002,0.0008928959723562002,0.0008928959723562002,0.0008928959723562002,0.0008928959723562002,0.0008928959723562002,0.9830349683761597,0.0008928959723562002,0.0008928959723562002,0.0008928959723562002,0.0008928959723562002
38,0.0011111554922536016,0.0011111554922536016,0.0011111554922536016,0.0011111554922536016,0.0011111554922536016,0.0011111554922536016,0.0011111554922536016,0.0011111554922536016,0.9788880348205566,0.0011111554922536016,0.0011111554922536016,0.0011111554922536016,0.0011111554922536016,0.0011111554922536016,0.0011111554922536016,0.0011111554922536016,0.0011111554922536016,0.0011111554922536016,0.0011111554922536016,0.0011111554922536016
39,0.0005494730430655181,0.0005494730430655181,0.0005494730430655181,0.0005494730430655181,0.0005494730430655181,0.0005494730430655181,0.0005494730430655181,0.0005494730430655181,0.0005494730430655181,0.0005494730430655181,0.0005494730430655181,0.0005494730430655181,0.0005494730430655181,0.0005494730430655181,0.0005494730430655181,0.0005494730430655181,0.0005494730430655181,0.989560067653656,0.0005494730430655181,0.0005494730430655181
40,0.00042020517867058516,0.00042020517867058516,0.00042020517867058516,0.3572283089160919,0.00042020517867058516,0.00042020517867058516,0.00042020517867058516,0.00042020517867058516,0.00042020517867058516,0.00042020517867058516,0.00042020517867058516,0.00042020517867058516,0.00042020517867058516,0.635208010673523,0.00042020517867058516,0.00042020517867058516,0.00042020517867058516,0.00042020517867058516,0.00042020517867058516,0.00042020517867058516
41,0.0011111907660961151,0.0011111907660961151,0.0011111907660961151,0.9788873791694641,0.0011111907660961151,0.0011111907660961151,0.0011111907660961151,0.0011111907660961151,0.0011111907660961151,0.0011111907660961151,0.0011111907660961151,0.0011111907660961151,0.001111190882511437,0.0011111907660961151,0.0011111907660961151,0.0011111907660961151,0.0011111907660961151,0.0011111907660961151,0.0011111907660961151,0.0011111907660961151
42,0.0006667093257419765,0.0006667093257419765,0.0006667093257419765,0.0006667093257419765,0.0006667093257419765,0.0006667093257419765,0.0006667093257419765,0.0006667093257419765,0.0006667093257419765,0.0006667093257419765,0.0006667093257419765,0.9873325824737549,0.0006667093257419765,0.0006667093257419765,0.0006667093257419765,0.0006667093257419765,0.0006667093257419765,0.0006667093257419765,0.0006667093257419765,0.0006667093257419765
43,0.0005618366412818432,0.0005618366412818432,0.0005618366412818432,0.0005618366412818432,0.0005618366412818432,0.0005618366412818432,0.0005618366412818432,0.770835280418396,0.0005618366412818432,0.0005618366412818432,0.0005618366412818432,0.0005618366412818432,0.21905165910720825,0.0005618366412818432,0.0005618366412818432,0.0005618366412818432,0.0005618366412818432,0.0005618366412818432,0.0005618366412818432,0.0005618366412818432
44,0.000657923927064985,0.987499475479126,0.000657923927064985,0.000657923927064985,0.000657923927064985,0.000657923927064985,0.000657923927064985,0.000657923927064985,0.000657923927064985,0.000657923927064985,0.000657923927064985,0.000657923927064985,0.000657923927064985,0.000657923927064985,0.000657923927064985,0.000657923927064985,0.000657923927064985,0.000657923927064985,0.000657923927064985,0.000657923927064985
45,0.001666719326749444,0.001666719326749444,0.001666719326749444,0.001666719326749444,0.001666719326749444,0.001666719326749444,0.001666719326749444,0.001666719326749444,0.8184526562690735,0.001666719326749444,0.001666719326749444,0.001666719326749444,0.001666719326749444,0.001666719326749444,0.001666719326749444,0.001666719326749444,0.001666719326749444,0.1515464335680008,0.001666719326749444,0.001666719326749444
46,0.0014706453075632453,0.0014706453075632453,0.0014706453075632453,0.0014706453075632453,0.0014706453075632453,0.0014706453075632453,0.0014706453075632453,0.0014706453075632453,0.0014706453075632453,0.0014706454239785671,0.9720577001571655,0.0014706453075632453,0.0014706453075632453,0.0014706453075632453,0.0014706453075632453,0.0014706453075632453,0.0014706453075632453,0.0014706453075632453,0.0014706453075632453,0.0014706453075632453
47,0.0010417065350338817,0.0010417065350338817,0.0010417065350338817,0.0010417065350338817,0.0010417065350338817,0.0010417065350338817,0.0010417065350338817,0.0010417065350338817,0.0010417065350338817,0.0010417065350338817,0.0010417065350338817,0.0010417065350338817,0.0010417065350338817,0.0010417065350338817,0.0010417065350338817,0.0010417065350338817,0.0010417065350338817,0.0010417065350338817,0.0010417065350338817,0.9802075624465942
48,0.0006849677884019911,0.0006849677884019911,0.9869856238365173,0.0006849677884019911,0.0006849677884019911,0.0006849677884019911,0.0006849677884019911,0.0006849677884019911,0.0006849677884019911,0.0006849677884019911,0.0006849677884019911,0.0006849677884019911,0.0006849677884019911,0.0006849677884019911,0.0006849677884019911,0.0006849677884019911,0.0006849677884019911,0.0006849677884019911,0.0006849677884019911,0.0006849677884019911
49,0.000980489538051188,0.000980489538051188,0.000980489538051188,0.000980489538051188,0.000980489538051188,0.000980489538051188,0.000980489538051188,0.000980489538051188,0.000980489538051188,0.0009804896544665098,0.29239538311958313,0.000980489538051188,0.16671961545944214,0.3252958655357361,0.000980489538051188,0.000980489538051188,0.0009804896544665098,0.000980489538051188,0.199901282787323,0.000980489538051188
50,0.0005747608956880867,0.0005747608956880867,0.0005747608956880867,0.0005747608956880867,0.0005747608956880867,0.0005747608956880867,0.0005747608956880867,0.0005747608956880867,0.0005747608956880867,0.0005747608956880867,0.25158464908599854,0.3590914011001587,0.22557367384433746,0.0005747608956880867,0.0005747608956880867,0.0005747608956880867,0.0005747608956880867,0.1545540988445282,0.0005747608956880867,0.0005747608956880867
51,0.0008928785682655871,0.0008928785682655871,0.0008928785682655871,0.0008928785682655871,0.9830352663993835,0.0008928785682655871,0.0008928785682655871,0.0008928785682655871,0.0008928785682655871,0.0008928785682655871,0.0008928785682655871,0.0008928785682655871,0.0008928785682655871,0.0008928785682655871,0.0008928785682655871,0.0008928785682655871,0.0008928785682655871,0.0008928785682655871,0.0008928785682655871,0.0008928785682655871
52,0.0008475417853333056,0.0008475417853333056,0.0008475417853333056,0.0008475417853333056,0.0008475417853333056,0.0008475417853333056,0.0008475417853333056,0.0008475419017486274,0.38282978534698486,0.0008475417853333056,0.0008475417853333056,0.0008475417853333056,0.28250327706336975,0.0008475417853333056,0.0008475417853333056,0.0008475417853333056,0.0008475417853333056,0.0008475417853333056,0.3202587068080902,0.0008475417853333056
53,0.0006849502096883953,0.0006849502096883953,0.0006849502096883953,0.0006849502096883953,0.0006849502096883953,0.0006849502096883953,0.0006849502096883953,0.0006849502096883953,0.0006849502096883953,0.0006849502096883953,0.0006849502096883953,0.0006849502096883953,0.986985981464386,0.0006849502096883953,0.0006849502096883953,0.0006849502096883953,0.0006849502096883953,0.0006849502096883953,0.0006849502096883953,0.0006849502096883953
54,0.0007353447144851089,0.5369652509689331,0.0007353447144851089,0.0007353447144851089,0.0007353447144851089,0.0007353447144851089,0.0007353447144851089,0.0007353447144851089,0.0007353447144851089,0.0007353447144851089,0.0007353447144851089,0.0007353447144851089,0.0007353447144851089,0.44979846477508545,0.0007353447144851089,0.0007353447144851089,0.0007353447144851089,0.0007353447144851089,0.0007353447144851089,0.0007353447144851089
55,0.0009434573585167527,0.0009434573585167527,0.0009434573585167527,0.7665001153945923,0.0009434573585167527,0.0009434573585167527,0.0009434573585167527,0.0009434573585167527,0.0009434573585167527,0.0009434573585167527,0.0009434573585167527,0.0009434573585167527,0.0009434573585167527,0.21651765704154968,0.0009434573585167527,0.0009434573585167527,0.0009434573585167527,0.0009434573585167527,0.0009434573585167527,0.0009434573585167527
56,0.0008772555156610906,0.0008772555156610906,0.0008772555738687515,0.38111957907676697,0.0008772555156610906,0.0008772555156610906,0.0008772555156610906,0.0008772555156610906,0.0008772555156610906,0.0008772555156610906,0.0008772555156610906,0.0008772555156610906,0.0008772555156610906,0.0008772555156610906,0.6030898094177246,0.0008772555156610906,0.0008772555156610906,0.0008772555156610906,0.0008772555738687515,0.0008772555156610906
57,0.0006329450407065451,0.0006329450407065451,0.0006329450407065451,0.0006329450407065451,0.0006329450407065451,0.0006329450407065451,0.0006329450407065451,0.0006329450407065451,0.0006329450407065451,0.0006329450407065451,0.0006329450407065451,0.0006329450407065451,0.0006329450407065451,0.9879741072654724,0.0006329450407065451,0.0006329450407065451,0.0006329450407065451,0.0006329450407065451,0.0006329450407065451,0.0006329450407065451
58,0.0006667228881269693,0.987332284450531,0.0006667228881269693,0.0006667228881269693,0.0006667228881269693,0.0006667228881269693,0.0006667228881269693,0.0006667228881269693,0.0006667228881269693,0.0006667228881269693,0.0006667228881269693,0.0006667228881269693,0.0006667229463346303,0.0006667228881269693,0.0006667228881269693,0.0006667228881269693,0.0006667228881269693,0.0006667228881269693,0.0006667228881269693,0.0006667228881269693
59,0.008333542384207249,0.008333542384207249,0.008333542384207249,0.008333542384207249,0.008333542384207249,0.008333542384207249,0.008333542384207249,0.008333542384207249,0.19963394105434418,0.008333542384207249,0.008333542384207249,0.008333542384207249,0.32327669858932495,0.008333542384207249,0.008333542384207249,0.008333542384207249,0.008333542384207249,0.008333542384207249,0.008333542384207249,0.3354191482067108
60,0.0009804157307371497,0.0009804157307371497,0.0009804157307371497,0.0009804157307371497,0.981372058391571,0.0009804157307371497,0.0009804157307371497,0.0009804157307371497,0.0009804157307371497,0.0009804157307371497,0.0009804157307371497,0.0009804157307371497,0.0009804157307371497,0.0009804157307371497,0.0009804157307371497,0.0009804157307371497,0.0009804157307371497,0.0009804157307371497,0.0009804157307371497,0.0009804157307371497
61,0.0017242560861632228,0.0017242560861632228,0.0017242560861632228,0.0017242560861632228,0.0017242560861632228,0.0017242560861632228,0.0017242560861632228,0.454228937625885,0.0017242560861632228,0.0017242560861632228,0.0017242560861632228,0.0017242560861632228,0.0017242560861632228,0.0017242560861632228,0.5147344470024109,0.0017242560861632228,0.0017242560861632228,0.0017242560861632228,0.0017242560861632228,0.0017242560861632228
62,0.0007042488432489336,0.0007042488432489336,0.0007042488432489336,0.0007042488432489336,0.0007042488432489336,0.0007042488432489336,0.0007042488432489336,0.0007042488432489336,0.0007042488432489336,0.0007042488432489336,0.0007042488432489336,0.0007042489014565945,0.9866192936897278,0.0007042488432489336,0.0007042488432489336,0.0007042488432489336,0.0007042488432489336,0.0007042488432489336,0.0007042488432489336,0.0007042488432489336
63,0.0007692875806242228,0.0007692875806242228,0.0007692875806242228,0.0007692875806242228,0.0007692875806242228,0.0007692875806242228,0.0007692875806242228,0.0007692875806242228,0.0007692875806242228,0.0007692875806242228,0.0007692875806242228,0.5046046376228333,0.0007692875806242228,0.4815482199192047,0.0007692875806242228,0.0007692875806242228,0.0007692875806242228,0.0007692875806242228,0.0007692875806242228,0.0007692875806242228
64,0.0011112061329185963,0.0011112061329185963,0.001111206249333918,0.0011112061329185963,0.0011112061329185963,0.0011112061329185963,0.0011112061329185963,0.0011112061329185963,0.0011112061329185963,0.0011112061329185963,0.0011112061329185963,0.0011112061329185963,0.001111206249333918,0.9788870811462402,0.0011112061329185963,0.0011112061329185963,0.0011112061329185963,0.0011112061329185963,0.0011112061329185963,0.0011112061329185963
65,0.0008064788416959345,0.0008064788416959345,0.0008064788416959345,0.0008064788416959345,0.0008064788416959345,0.0008064788416959345,0.0008064788416959345,0.0008064788416959345,0.0008064788416959345,0.0008064788416959345,0.0008064788416959345,0.0008064788416959345,0.0008064788416959345,0.0008064788416959345,0.9846768975257874,0.0008064788416959345,0.0008064788416959345,0.0008064788416959345,0.0008064788416959345,0.0008064788416959345
66,0.0007246764143928885,0.0007246764143928885,0.0007246764143928885,0.0007246764143928885,0.0007246764143928885,0.0007246764143928885,0.0007246764143928885,0.0007246764143928885,0.0007246764143928885,0.0007246764143928885,0.0007246764143928885,0.0007246764143928885,0.0007246764143928885,0.0007246764143928885,0.0007246764143928885,0.9862312078475952,0.0007246764143928885,0.0007246764143928885,0.0007246764143928885,0.0007246764143928885
67,0.0008064897265285254,0.0008064897265285254,0.0008064897265285254,0.0008064897265285254,0.0008064897265285254,0.0008064897265285254,0.0008064897265285254,0.0008064897265285254,0.0008064897265285254,0.0008064897265285254,0.0008064897265285254,0.0008064897265285254,0.0008064897847361863,0.0008064897265285254,0.0008064897265285254,0.9846766591072083,0.0008064897265285254,0.0008064897265285254,0.0008064897265285254,0.0008064897265285254
68,0.0013158529764041305,0.0013158529764041305,0.0013158529764041305,0.5109145045280457,0.0013158529764041305,0.0013158529764041305,0.0013158529764041305,0.0013158530928194523,0.0013158529764041305,0.0013158529764041305,0.31672385334968567,0.0013158529764041305,0.0013158529764041305,0.0013158529764041305,0.1499921828508377,0.0013158529764041305,0.0013158529764041305,0.0013158529764041305,0.0013158529764041305,0.0013158530928194523
69,0.0007246964960359037,0.0007246964960359037,0.12694509327411652,0.1487603783607483,0.0007246964960359037,0.0007246964960359037,0.0007246964960359037,0.0007246964960359037,0.0007246964960359037,0.0007246964960359037,0.0007246964960359037,0.0007246964960359037,0.0007246964960359037,0.7119746804237366,0.0007246964960359037,0.0007246964960359037,0.0007246964960359037,0.0007246964960359037,0.0007246964960359037,0.0007246964960359037
70,0.0007353239925578237,0.0007353239343501627,0.9860289096832275,0.0007353239343501627,0.0007353239343501627,0.0007353239343501627,0.0007353239343501627,0.0007353239343501627,0.0007353239343501627,0.0007353239343501627,0.0007353239343501627,0.0007353239343501627,0.0007353239343501627,0.0007353239343501627,0.0007353239343501627,0.0007353239343501627,0.0007353239343501627,0.0007353239343501627,0.0007353239343501627,0.0007353239343501627
71,0.0007462980574928224,0.0007462980574928224,0.0007462980574928224,0.0007462980574928224,0.0007462980574928224,0.0007462980574928224,0.0007462980574928224,0.0007462980574928224,0.0007462980574928224,0.0007462980574928224,0.0007462980574928224,0.0007462980574928224,0.0007462980574928224,0.0007462980574928224,0.0007462980574928224,0.0007462980574928224,0.0007462980574928224,0.0007462980574928224,0.0007462980574928224,0.9858203530311584
72,0.0010204677237197757,0.9806110858917236,0.0010204677237197757,0.0010204677237197757,0.0010204677237197757,0.0010204677237197757,0.0010204677237197757,0.0010204677237197757,0.0010204677237197757,0.0010204677237197757,0.0010204677237197757,0.0010204677237197757,0.0010204677237197757,0.0010204677237197757,0.0010204677237197757,0.0010204677237197757,0.0010204677237197757,0.0010204677237197757,0.0010204677237197757,0.0010204677237197757
73,0.0015152707928791642,0.9712098240852356,0.0015152707928791642,0.0015152707928791642,0.0015152707928791642,0.001515270909294486,0.0015152707928791642,0.0015152707928791642,0.0015152707928791642,0.0015152707928791642,0.0015152707928791642,0.0015152707928791642,0.0015152707928791642,0.0015152707928791642,0.0015152707928791642,0.0015152707928791642,0.0015152707928791642,0.0015152707928791642,0.0015152707928791642,0.0015152707928791642
74,0.012500165961682796,0.012500165961682796,0.012500165961682796,0.012500165961682796,0.012500165961682796,0.012500165961682796,0.012500165961682796,0.012500165961682796,0.30304619669914246,0.012500165961682796,0.012500165961682796,0.012500165961682796,0.012500165961682796,0.012500165961682796,0.012500165961682796,0.012500165961682796,0.012500165961682796,0.012500165961682796,0.012500165961682796,0.47195079922676086
75,0.008333615958690643,0.008333615958690643,0.008333615958690643,0.008333615958690643,0.008333615958690643,0.008333615958690643,0.008333615958690643,0.008333616890013218,0.008333615958690643,0.008333615958690643,0.008333615958690643,0.008333615958690643,0.1749885082244873,0.008333615958690643,0.008333615958690643,0.008333615958690643,0.008333615958690643,0.008333615958690643,0.008333615958690643,0.6750063896179199
76,0.016666777431964874,0.016666777431964874,0.016666777431964874,0.016666777431964874,0.016666777431964874,0.016666777431964874,0.016666777431964874,0.016666777431964874,0.016666777431964874,0.016666777431964874,0.016666777431964874,0.016666777431964874,0.016666777431964874,0.016666777431964874,0.016666777431964874,0.016666777431964874,0.016666777431964874,0.016666777431964874,0.016666777431964874,0.6833312511444092
77,0.0007042578072287142,0.0007042578072287142,0.0007042578072287142,0.0007042578072287142,0.0007042578072287142,0.0007042578072287142,0.0007042578072287142,0.0007042578072287142,0.0007042578072287142,0.0007042578072287142,0.0007042578072287142,0.0007042578072287142,0.0007042578072287142,0.0007042578072287142,0.0007042578072287142,0.9866191148757935,0.0007042578072287142,0.0007042578072287142,0.0007042578072287142,0.0007042578072287142
78,0.0008333718287758529,0.40376660227775574,0.0008333718287758529,0.0008333718287758529,0.34967443346977234,0.0008333718287758529,0.0008333718287758529,0.0008333718287758529,0.0008333718287758529,0.0008333718287758529,0.0008333718287758529,0.0008333718287758529,0.0008333718287758529,0.23239164054393768,0.0008333718287758529,0.0008333718287758529,0.0008333718287758529,0.0008333718287758529,0.0008333718287758529,0.0008333718287758529
79,0.0006757115479558706,0.0006757115479558706,0.0006757115479558706,0.0006757115479558706,0.0006757115479558706,0.0006757115479558706,0.0006757115479558706,0.0006757115479558706,0.0006757115479558706,0.0006757115479558706,0.0006757115479558706,0.0006757115479558706,0.0006757115479558706,0.0006757115479558706,0.0006757115479558706,0.0006757115479558706,0.0006757115479558706,0.9871615171432495,0.0006757115479558706,0.0006757115479558706
80,0.0007042567012831569,0.0007042567012831569,0.0007042567012831569,0.0007042567012831569,0.0007042567012831569,0.0007042567012831569,0.0007042567012831569,0.0007042567012831569,0.0007042567012831569,0.0007042567012831569,0.9866191744804382,0.0007042567594908178,0.0007042567012831569,0.0007042567012831569,0.0007042567012831569,0.0007042567012831569,0.0007042567012831569,0.0007042567012831569,0.0007042567012831569,0.0007042567012831569
81,0.0007812980911694467,0.47991251945495605,0.0007812980911694467,0.0007812980911694467,0.0007812980911694467,0.0007812980911694467,0.0007812980911694467,0.5060241222381592,0.0007812980911694467,0.0007812980911694467,0.0007812980911694467,0.0007812980911694467,0.0007812980911694467,0.0007812980911694467,0.0007812980911694467,0.0007812980911694467,0.0007812980911694467,0.0007812980911694467,0.0007812980911694467,0.0007812980911694467
82,0.0010638708481565118,0.0010638708481565118,0.0010638708481565118,0.0010638708481565118,0.0010638708481565118,0.0010638708481565118,0.9797864556312561,0.0010638708481565118,0.0010638708481565118,0.0010638708481565118,0.0010638708481565118,0.0010638708481565118,0.0010638708481565118,0.0010638708481565118,0.0010638708481565118,0.0010638708481565118,0.0010638708481565118,0.0010638708481565118,0.0010638708481565118,0.0010638708481565118
83,0.0006849823985248804,0.0006849823985248804,0.0006849823985248804,0.9869853854179382,0.0006849823985248804,0.0006849823985248804,0.0006849823985248804,0.0006849823985248804,0.0006849823985248804,0.0006849823985248804,0.0006849823985248804,0.0006849823985248804,0.0006849823985248804,0.0006849823985248804,0.0006849823985248804,0.0006849823985248804,0.0006849823985248804,0.0006849823985248804,0.0006849823985248804,0.0006849823985248804
84,0.001219577738083899,0.001219577738083899,0.001219577738083899,0.001219577738083899,0.001219577738083899,0.001219577738083899,0.001219577738083899,0.001219577738083899,0.001219577738083899,0.001219577738083899,0.001219577738083899,0.001219577738083899,0.001219577738083899,0.001219577738083899,0.001219577738083899,0.9768279790878296,0.001219577738083899,0.001219577738083899,0.001219577738083899,0.001219577738083899
85,0.0006849615601822734,0.0006849615601822734,0.0006849615601822734,0.0006849615601822734,0.0006849615601822734,0.0006849615601822734,0.0006849615601822734,0.0006849615601822734,0.9869857430458069,0.0006849615601822734,0.0006849615601822734,0.0006849615601822734,0.0006849615601822734,0.0006849615601822734,0.0006849615601822734,0.0006849615601822734,0.0006849615601822734,0.0006849615601822734,0.0006849615601822734,0.0006849615601822734
86,0.006250315345823765,0.006250315345823765,0.006250315345823765,0.006250315345823765,0.006250315345823765,0.38321036100387573,0.006250315345823765,0.006250315345823765,0.006250315345823765,0.006250315345823765,0.006250315345823765,0.006250315345823765,0.006250315345823765,0.006250315345823765,0.2089126855134964,0.006250315345823765,0.006250315345823765,0.006250315345823765,0.006250315345823765,0.30162155628204346
87,0.0005434900522232056,0.0005434900522232056,0.0005434900522232056,0.0005434900522232056,0.0005434900522232056,0.0005434900522232056,0.0005434900522232056,0.0005434900522232056,0.0005434900522232056,0.0005434900522232056,0.0005434900522232056,0.0005434900522232056,0.9896737337112427,0.0005434900522232056,0.0005434900522232056,0.0005434900522232056,0.0005434900522232056,0.0005434900522232056,0.0005434900522232056,0.0005434900522232056
88,0.0008333815494552255,0.0008333815494552255,0.0008333815494552255,0.9841657280921936,0.0008333815494552255,0.0008333815494552255,0.0008333815494552255,0.0008333815494552255,0.0008333815494552255,0.0008333815494552255,0.0008333815494552255,0.0008333815494552255,0.0008333815494552255,0.0008333815494552255,0.0008333815494552255,0.0008333815494552255,0.0008333815494552255,0.0008333815494552255,0.0008333815494552255,0.0008333815494552255
89,0.0010638926178216934,0.0010638926178216934,0.0010638926178216934,0.0010638926178216934,0.0010638926178216934,0.0010638926178216934,0.9797860383987427,0.0010638926178216934,0.0010638926178216934,0.0010638926178216934,0.0010638926178216934,0.0010638926178216934,0.0010638926178216934,0.0010638926178216934,0.0010638927342370152,0.0010638926178216934,0.0010638926178216934,0.0010638926178216934,0.0010638926178216934,0.0010638926178216934
90,0.0007937080226838589,0.4602043032646179,0.0007937080226838589,0.0007937080226838589,0.0007937080226838589,0.0007937080226838589,0.0007937080226838589,0.0007937080226838589,0.0007937080226838589,0.0007937080226838589,0.0007937080226838589,0.0007937080226838589,0.0007937080226838589,0.0007937080226838589,0.0007937080226838589,0.0007937080226838589,0.0007937080226838589,0.0007937080226838589,0.5255089402198792,0.0007937080226838589
91,0.0006173175061121583,0.9882709980010986,0.0006173175061121583,0.0006173175061121583,0.0006173175061121583,0.0006173175061121583,0.0006173175061121583,0.0006173175061121583,0.0006173175061121583,0.0006173175061121583,0.0006173175061121583,0.0006173175061121583,0.0006173175061121583,0.0006173175061121583,0.0006173175061121583,0.0006173175061121583,0.0006173175061121583,0.0006173175061121583,0.0006173175061121583,0.0006173175061121583
92,0.0016130063449963927,0.3477861285209656,0.0016130063449963927,0.0016130063449963927,0.0016130063449963927,0.0016130063449963927,0.0016130063449963927,0.22760221362113953,0.0016130063449963927,0.0016130063449963927,0.0016130063449963927,0.0016130063449963927,0.0016130063449963927,0.0016130063449963927,0.0016130063449963927,0.0016130063449963927,0.0016130063449963927,0.08541148900985718,0.07338736951351166,0.24161770939826965
93,0.0006250366568565369,0.0006250367150641978,0.0006250366568565369,0.0006250366568565369,0.0006250366568565369,0.0006250366568565369,0.0006250366568565369,0.9881243705749512,0.0006250366568565369,0.0006250366568565369,0.0006250366568565369,0.0006250366568565369,0.0006250366568565369,0.0006250366568565369,0.0006250366568565369,0.0006250366568565369,0.0006250366568565369,0.0006250366568565369,0.0006250366568565369,0.0006250366568565369
94,0.0010000179754570127,0.0010000179754570127,0.0010000179754570127,0.0010000179754570127,0.0010000179754570127,0.0010000179754570127,0.0010000179754570127,0.0010000179754570127,0.0010000179754570127,0.9809996485710144,0.0010000179754570127,0.0010000179754570127,0.0010000179754570127,0.0010000179754570127,0.0010000179754570127,0.0010000179754570127,0.0010000179754570127,0.0010000179754570127,0.0010000179754570127,0.0010000179754570127
95,0.0006493827677331865,0.0006493827677331865,0.0006493827677331865,0.0006493827677331865,0.0006493827677331865,0.0006493827677331865,0.9876617789268494,0.0006493827677331865,0.0006493827677331865,0.0006493827677331865,0.0006493827677331865,0.0006493827677331865,0.0006493827677331865,0.0006493827677331865,0.0006493827677331865,0.0006493827677331865,0.0006493827677331865,0.0006493827677331865,0.0006493827677331865,0.000649383116979152
96,0.0007576296920888126,0.2600112557411194,0.0007576296920888126,0.0007576296920888126,0.0007576296920888126,0.0007576296920888126,0.0007576296920888126,0.7263514399528503,0.0007576296920888126,0.0007576296920888126,0.0007576296920888126,0.0007576296920888126,0.0007576296920888126,0.0007576296920888126,0.0007576296920888126,0.0007576296920888126,0.0007576296920888126,0.0007576296920888126,0.0007576297502964735,0.0007576296920888126
97,0.0006493841647170484,0.0006493841647170484,0.0006493841647170484,0.0006493841647170484,0.0006493841647170484,0.0006493841647170484,0.0006493841647170484,0.0006493841647170484,0.0006493841647170484,0.0006493841647170484,0.0006493841647170484,0.0006493841647170484,0.0006493841647170484,0.0006493842229247093,0.0006493841647170484,0.0006493841647170484,0.0006493841647170484,0.0006493841647170484,0.9876617193222046,0.0006493841647170484
98,0.0010000317124649882,0.0010000317124649882,0.0010000317124649882,0.0010000317124649882,0.9809994101524353,0.0010000317124649882,0.0010000317124649882,0.0010000317124649882,0.0010000317124649882,0.0010000317124649882,0.0010000317124649882,0.0010000317124649882,0.0010000317124649882,0.0010000317124649882,0.0010000317124649882,0.0010000317124649882,0.0010000317124649882,0.0010000317124649882,0.0010000317124649882,0.0010000317124649882
99,0.001785821164958179,0.001785821164958179,0.001785821164958179,0.001785821164958179,0.001785821164958179,0.001785821164958179,0.9660694003105164,0.001785821164958179,0.001785821164958179,0.001785821164958179,0.001785821164958179,0.0017858212813735008,0.001785821164958179,0.001785821164958179,0.001785821164958179,0.001785821164958179,0.001785821164958179,0.001785821164958179,0.0017858212813735008,0.001785821164958179
100,0.000617305573541671,0.000617305573541671,0.000617305573541671,0.000617305573541671,0.000617305573541671,0.000617305573541671,0.000617305573541671,0.000617305573541671,0.000617305573541671,0.000617305573541671,0.000617305573541671,0.000617305573541671,0.000617305573541671,0.9882712364196777,0.000617305573541671,0.0006173056899569929,0.000617305573541671,0.000617305573541671,0.000617305573541671,0.000617305573541671
101,0.00021835733787156641,0.00021835733787156641,0.03945530578494072,0.2397998571395874,0.00021835733787156641,0.00021835733787156641,0.00021835733787156641,0.00021835733787156641,0.600540816783905,0.00021835733787156641,0.00021835733787156641,0.00021835733787156641,0.00021835733787156641,0.00021835733787156641,0.11671029776334763,0.00021835733787156641,0.00021835733787156641,0.00021835733787156641,0.00021835733787156641,0.00021835733787156641
102,0.0007353518158197403,0.604157567024231,0.0007353518158197403,0.0007353518158197403,0.0007353518158197403,0.0007353518158197403,0.0007353518158197403,0.0007353518158197403,0.0007353518158197403,0.0007353518158197403,0.13767677545547485,0.0007353518158197403,0.0007353518740274012,0.0007353518158197403,0.0007353518158197403,0.0007353518158197403,0.0007353518158197403,0.0007353518158197403,0.24566465616226196,0.0007353518158197403
103,0.0006329253665171564,0.0006329253665171564,0.0006329253665171564,0.0006329253665171564,0.0006329253665171564,0.0006329253665171564,0.0006329253665171564,0.0006329253665171564,0.0006329253665171564,0.0006329253665171564,0.0006329253665171564,0.0006329253665171564,0.0006329253665171564,0.0006329253665171564,0.0006329253665171564,0.0006329253665171564,0.0006329253665171564,0.0006329253665171564,0.9879744648933411,0.0006329253665171564
104,0.0007353086257353425,0.0007353086257353425,0.0007353086257353425,0.0007353086257353425,0.0007353086257353425,0.0007353086257353425,0.0007353086257353425,0.0007353086257353425,0.0007353086257353425,0.0007353086257353425,0.0007353086257353425,0.0007353086257353425,0.0007353086257353425,0.0007353086257353425,0.0007353086257353425,0.0007353086257353425,0.0007353086257353425,0.0007353086257353425,0.9860292077064514,0.0007353086257353425
105,0.0005208720685914159,0.0005208720685914159,0.0005208720685914159,0.6509385108947754,0.3396857976913452,0.0005208720685914159,0.0005208720685914159,0.0005208720685914159,0.0005208720685914159,0.0005208720685914159,0.0005208720685914159,0.0005208720685914159,0.0005208720685914159,0.0005208720685914159,0.0005208720685914159,0.0005208720685914159,0.0005208720685914159,0.0005208720685914159,0.0005208720685914159,0.0005208720685914159
106,0.00043106047087349,0.00043106047087349,0.00043106047087349,0.00043106047087349,0.00043106047087349,0.00043106047087349,0.00043106047087349,0.9918099045753479,0.00043106047087349,0.00043106047087349,0.00043106047087349,0.00043106047087349,0.00043106047087349,0.00043106047087349,0.00043106047087349,0.00043106047087349,0.00043106047087349,0.00043106047087349,0.00043106047087349,0.00043106047087349
107,0.0006493803230114281,0.4428410232067108,0.0006493803230114281,0.0006493803230114281,0.0006493803230114281,0.0006493803230114281,0.0006493803230114281,0.0006493803230114281,0.0006493803230114281,0.0006493803230114281,0.11223065853118896,0.0006493803230114281,0.0006493803230114281,0.0006493803230114281,0.34845998883247375,0.0006493803230114281,0.0006493803230114281,0.0006493803230114281,0.0006493803230114281,0.0860782340168953
108,0.0014706957153975964,0.24995096027851105,0.05905625596642494,0.0014706957153975964,0.0014706957153975964,0.0014706957153975964,0.0014706957153975964,0.0014706957153975964,0.0014706957153975964,0.0014706957153975964,0.0014706957153975964,0.0014706957153975964,0.0014706957153975964,0.0014706957153975964,0.0014706957153975964,0.0014706957153975964,0.0014706957153975964,0.0014706957153975964,0.665990948677063,0.0014706957153975964
109,0.0010000356705859303,0.0010000356705859303,0.0010000356705859303,0.0010000356705859303,0.9809992909431458,0.0010000356705859303,0.0010000356705859303,0.0010000356705859303,0.0010000356705859303,0.0010000356705859303,0.0010000356705859303,0.0010000356705859303,0.0010000356705859303,0.0010000356705859303,0.0010000361362472177,0.0010000356705859303,0.0010000356705859303,0.0010000356705859303,0.0010000356705859303,0.0010000356705859303
110,0.000471717503387481,0.000471717503387481,0.000471717503387481,0.000471717503387481,0.000471717503387481,0.000471717503387481,0.000471717503387481,0.9910373687744141,0.000471717503387481,0.000471717503387481,0.000471717503387481,0.000471717503387481,0.000471717503387481,0.000471717503387481,0.000471717503387481,0.000471717503387481,0.000471717503387481,0.000471717503387481,0.000471717503387481,0.000471717503387481
111,0.0017858182545751333,0.0017858182545751333,0.0017858182545751333,0.0017858182545751333,0.0017858182545751333,0.0017858182545751333,0.0017858182545751333,0.0017858183709904552,0.0017858182545751333,0.0017858182545751333,0.0017858182545751333,0.9660694003105164,0.0017858182545751333,0.0017858182545751333,0.0017858182545751333,0.0017858182545751333,0.0017858182545751333,0.0017858182545751333,0.0017858182545751333,0.0017858182545751333
112,0.9817299842834473,0.0009615799644961953,0.0009615799644961953,0.0009615799644961953,0.0009615799644961953,0.0009615799644961953,0.0009615799644961953,0.0009615799644961953,0.0009615799644961953,0.0009615799644961953,0.0009615800227038562,0.0009615799644961953,0.0009615799644961953,0.0009615799644961953,0.0009615799644961953,0.0009615799644961953,0.0009615799644961953,0.0009615799644961953,0.0009615799644961953,0.0009615799644961953
113,0.0006944882334209979,0.0006944882916286588,0.0006944882334209979,0.0006944882334209979,0.0006944882334209979,0.0006944882334209979,0.0006944882334209979,0.0006944882334209979,0.0006944882334209979,0.0006944882334209979,0.0006944882334209979,0.9868047833442688,0.0006944882334209979,0.0006944882334209979,0.0006944882334209979,0.0006944882334209979,0.0006944882334209979,0.0006944882334209979,0.0006944882334209979,0.0006944882334209979
114,0.0005952664068900049,0.0005952664068900049,0.0005952664068900049,0.0005952664068900049,0.0005952664068900049,0.0005952664068900049,0.0005952664068900049,0.0005952664068900049,0.0005952664068900049,0.0005952664068900049,0.0005952664068900049,0.0005952664068900049,0.0005952664068900049,0.0005952664068900049,0.0005952664068900049,0.9886899590492249,0.0005952664068900049,0.0005952664068900049,0.0005952664068900049,0.0005952664068900049
115,0.0008772563305683434,0.7436749935150146,0.0008772563305683434,0.24053438007831573,0.0008772563305683434,0.0008772563305683434,0.0008772563305683434,0.0008772563305683434,0.0008772563305683434,0.0008772563305683434,0.0008772563305683434,0.0008772563305683434,0.0008772563305683434,0.0008772563305683434,0.0008772563305683434,0.0008772563305683434,0.0008772563305683434,0.0008772563305683434,0.0008772563305683434,0.0008772563305683434
116,0.0006250242004171014,0.0006250242004171014,0.0006250242004171014,0.0006250242004171014,0.0006250242004171014,0.0006250242004171014,0.0006250242004171014,0.0006250242004171014,0.0006250242004171014,0.0006250242004171014,0.0006250242004171014,0.0006250242004171014,0.0006250242004171014,0.9881245493888855,0.0006250242004171014,0.0006250242004171014,0.0006250242004171014,0.0006250242004171014,0.0006250242004171014,0.0006250242004171014
117,0.0008474919595755637,0.0008474919595755637,0.0008474919595755637,0.0008474919595755637,0.0008474919595755637,0.0008474919595755637,0.0008474919595755637,0.0008474919595755637,0.0008474919595755637,0.0008474919595755637,0.0008474919595755637,0.0008474919595755637,0.0008474919595755637,0.0008474923088215292,0.9838976263999939,0.0008474919595755637,0.0008474919595755637,0.0008474919595755637,0.0008474919595755637,0.0008474919595755637
118,0.0006849803612567484,0.986985445022583,0.0006849797209724784,0.0006849797209724784,0.0006849797209724784,0.0006849797209724784,0.0006849797209724784,0.0006849797209724784,0.0006849797209724784,0.0006849797209724784,0.0006849797209724784,0.0006849797209724784,0.0006849797209724784,0.0006849797209724784,0.0006849797209724784,0.0006849797209724784,0.0006849797209724784,0.0006849797209724784,0.0006849797209724784,0.0006849797209724784
119,0.0006667039124295115,0.0006667039124295115,0.0006667039124295115,0.0006667039124295115,0.0006667039124295115,0.0006667039124295115,0.0006667039124295115,0.0006667039124295115,0.0006667039124295115,0.0006667039124295115,0.0006667039124295115,0.0006667039124295115,0.0006667039124295115,0.0006667039124295115,0.0006667039124295115,0.0006667039124295115,0.0006667039124295115,0.0006667039124295115,0.9873326420783997,0.0006667039124295115
120,0.9784084558486938,0.0011363961966708302,0.0011363961966708302,0.0011363961966708302,0.0011363961966708302,0.0011363961966708302,0.0011363961966708302,0.0011363961966708302,0.0011363961966708302,0.0011363961966708302,0.0011363961966708302,0.0011363961966708302,0.0011363961966708302,0.0011363961966708302,0.0011363961966708302,0.0011363961966708302,0.0011363961966708302,0.0011363961966708302,0.0011363961966708302,0.0011363961966708302
121,0.0008333644946105778,0.0008333644946105778,0.0008333644946105778,0.0008333644946105778,0.9841660857200623,0.0008333644946105778,0.0008333644946105778,0.0008333644946105778,0.0008333644946105778,0.0008333644946105778,0.0008333644946105778,0.0008333644946105778,0.0008333644946105778,0.0008333644946105778,0.0008333644946105778,0.0008333644946105778,0.0008333644946105778,0.0008333644946105778,0.0008333644946105778,0.0008333644946105778
122,0.0003597247414290905,0.0003597247414290905,0.0003597247414290905,0.0003597247414290905,0.0003597247414290905,0.9931652545928955,0.0003597247414290905,0.0003597247414290905,0.0003597247414290905,0.0003597247414290905,0.0003597247414290905,0.0003597247414290905,0.0003597247414290905,0.0003597247414290905,0.0003597247414290905,0.0003597247414290905,0.0003597247414290905,0.0003597247414290905,0.0003597247414290905,0.0003597247414290905
123,0.0009434372768737376,0.0009434372768737376,0.0009434372768737376,0.0009434372768737376,0.0009434372768737376,0.0009434372768737376,0.0009434372768737376,0.0009434372768737376,0.0009434372768737376,0.0009434372768737376,0.0009434372768737376,0.9820746779441833,0.0009434372768737376,0.0009434372768737376,0.0009434372768737376,0.0009434372768737376,0.0009434372768737376,0.0009434372768737376,0.0009434372768737376,0.0009434372768737376
124,0.0007042477373033762,0.0007042477373033762,0.0007042477373033762,0.0007042477373033762,0.0007042477373033762,0.0007042477373033762,0.0007042477373033762,0.0007042477373033762,0.0007042477373033762,0.0007042477373033762,0.0007042477373033762,0.0007042477373033762,0.0007042477373033762,0.0007042477373033762,0.0007042477373033762,0.0007042477373033762,0.0007042477373033762,0.9866193532943726,0.0007042477373033762,0.000704247853718698
125,0.0008197068236768246,0.0008197068236768246,0.0008197068236768246,0.9844255447387695,0.0008197068236768246,0.0008197068236768246,0.0008197068236768246,0.0008197068236768246,0.0008197068236768246,0.0008197068236768246,0.0008197068236768246,0.0008197068236768246,0.0008197068236768246,0.0008197068236768246,0.0008197068236768246,0.0008197068236768246,0.0008197068236768246,0.0008197068236768246,0.0008197068236768246,0.0008197068236768246
126,0.0007042770739644766,0.7313424348831177,0.0007042770739644766,0.25598055124282837,0.0007042770739644766,0.0007042770739644766,0.0007042770739644766,0.0007042770739644766,0.0007042770739644766,0.0007042770739644766,0.0007042770739644766,0.0007042770739644766,0.0007042770739644766,0.0007042770739644766,0.0007042770739644766,0.0007042770739644766,0.0007042770739644766,0.0007042770739644766,0.0007042770739644766,0.0007042770739644766
127,0.0015152398264035583,0.4209480881690979,0.0015152398264035583,0.0015152398264035583,0.16618117690086365,0.0015152398264035583,0.0015152398264035583,0.0015152398264035583,0.0015152398264035583,0.0015152398264035583,0.0015152398264035583,0.0015152398264035583,0.0015152398264035583,0.0015152398264035583,0.0015152398264035583,0.0015152398264035583,0.0015152398264035583,0.0015152398264035583,0.24268417060375214,0.14594274759292603
128,0.0010639381362125278,0.3173274099826813,0.0010639381362125278,0.6635217070579529,0.0010639381362125278,0.0010639381362125278,0.0010639381362125278,0.0010639381362125278,0.0010639382526278496,0.0010639381362125278,0.0010639381362125278,0.0010639381362125278,0.0010639381362125278,0.0010639381362125278,0.0010639381362125278,0.0010639381362125278,0.0010639381362125278,0.0010639382526278496,0.0010639381362125278,0.0010639381362125278
129,0.0006849592318758368,0.0006849592318758368,0.0006849592318758368,0.0006849592318758368,0.0006849592318758368,0.0006849592318758368,0.0006849592318758368,0.0006849592318758368,0.9869858026504517,0.0006849592318758368,0.0006849592318758368,0.0006849592318758368,0.0006849592318758368,0.0006849592318758368,0.0006849592318758368,0.0006849592318758368,0.0006849592318758368,0.0006849592318758368,0.0006849592318758368,0.0006849592318758368
130,0.0009259575163014233,0.0009259575163014233,0.0009259575163014233,0.0009259575163014233,0.0009259575163014233,0.0009259575163014233,0.0009259575163014233,0.0009259575163014233,0.0009259575163014233,0.0009259575163014233,0.0009259575163014233,0.0009259575163014233,0.0009259575163014233,0.0009259575163014233,0.0009259575163014233,0.0009259575163014233,0.0009259575163014233,0.9824067950248718,0.0009259575163014233,0.0009259575163014233
131,0.0014286498771980405,0.0014286498771980405,0.9728556275367737,0.0014286498771980405,0.0014286498771980405,0.0014286498771980405,0.0014286498771980405,0.0014286498771980405,0.0014286498771980405,0.0014286498771980405,0.0014286498771980405,0.0014286498771980405,0.0014286498771980405,0.0014286498771980405,0.0014286498771980405,0.0014286498771980405,0.0014286498771980405,0.0014286498771980405,0.0014286498771980405,0.0014286498771980405
132,0.9873330593109131,0.0006666842964477837,0.0006666843546554446,0.0006666842964477837,0.0006666842964477837,0.0006666842964477837,0.0006666842964477837,0.0006666842964477837,0.0006666842964477837,0.0006666842964477837,0.0006666842964477837,0.0006666842964477837,0.0006666842964477837,0.0006666842964477837,0.0006666842964477837,0.0006666842964477837,0.0006666842964477837,0.0006666842964477837,0.0006666842964477837,0.0006666842964477837
133,0.0006667067646048963,0.0006667067646048963,0.0006667067646048963,0.0006667067646048963,0.0006667067646048963,0.0006667067646048963,0.0006667067646048963,0.0006667067646048963,0.0006667067646048963,0.0006667067646048963,0.0006667067646048963,0.0006667068228125572,0.0006667067646048963,0.20812402665615082,0.0006667067646048963,0.0006667067646048963,0.0006667067646048963,0.0006667067646048963,0.0006667067646048963,0.7798752188682556
134,0.0008064671419560909,0.0008064671419560909,0.0008064671419560909,0.0008064671419560909,0.0008064671419560909,0.0008064671419560909,0.0008064671419560909,0.0008064671419560909,0.0008064671419560909,0.9846771359443665,0.0008064671419560909,0.0008064671419560909,0.0008064671419560909,0.0008064671419560909,0.0008064671419560909,0.0008064671419560909,0.0008064671419560909,0.0008064671419560909,0.0008064671419560909,0.0008064671419560909
135,0.0006173042929731309,0.0006173042929731309,0.0006173042929731309,0.0006173042929731309,0.0006173042929731309,0.0006173042929731309,0.0006173042929731309,0.0006173042929731309,0.0006173042929731309,0.0006173042929731309,0.0006173042929731309,0.0006173042929731309,0.0006173042929731309,0.0006173042929731309,0.0006173042929731309,0.0006173042929731309,0.0006173042929731309,0.0006173042929731309,0.0006173042929731309,0.9882712364196777
136,0.0014286463847383857,0.0014286463847383857,0.0014286463847383857,0.0014286463847383857,0.0014286463847383857,0.0014286463847383857,0.9728556871414185,0.0014286463847383857,0.0014286463847383857,0.0014286463847383857,0.0014286463847383857,0.0014286463847383857,0.0014286465011537075,0.0014286463847383857,0.0014286463847383857,0.0014286463847383857,0.0014286463847383857,0.0014286463847383857,0.0014286463847383857,0.0014286463847383857
137,0.0008064752910286188,0.0008064752328209579,0.0008064752328209579,0.0008064752328209579,0.0008064752328209579,0.0008064752328209579,0.0008064752328209579,0.0008064752328209579,0.0008064752328209579,0.0008064752328209579,0.0008064752328209579,0.0008064752328209579,0.0008064752328209579,0.0008064752328209579,0.0008064752328209579,0.0008064752328209579,0.9846769571304321,0.0008064752328209579,0.0008064752328209579,0.0008064752328209579
138,0.000877228332683444,0.0008772283908911049,0.000877228332683444,0.000877228332683444,0.000877228332683444,0.000877228332683444,0.000877228332683444,0.000877228332683444,0.000877228332683444,0.000877228332683444,0.000877228332683444,0.000877228332683444,0.000877228332683444,0.000877228332683444,0.000877228332683444,0.000877228332683444,0.000877228332683444,0.000877228332683444,0.000877228332683444,0.983332633972168
139,0.9833325147628784,0.0008772350265644491,0.0008772350265644491,0.0008772350265644491,0.0008772350265644491,0.0008772350265644491,0.0008772350265644491,0.0008772350265644491,0.0008772350265644491,0.0008772350265644491,0.0008772350265644491,0.0008772350265644491,0.0008772350265644491,0.0008772350265644491,0.0008772350265644491,0.0008772350265644491,0.0008772350265644491,0.0008772350265644491,0.0008772350265644491,0.0008772350265644491
140,0.0016129835275933146,0.0016129835275933146,0.0016129835275933146,0.0016129835275933146,0.0016129835275933146,0.0016129835275933146,0.0016129835275933146,0.0016129836440086365,0.0016129835275933146,0.0016129835275933146,0.0016129835275933146,0.9693533182144165,0.0016129835275933146,0.0016129835275933146,0.0016129835275933146,0.0016129835275933146,0.0016129835275933146,0.0016129835275933146,0.0016129835275933146,0.0016129835275933146
141,0.0013158443616703153,0.0013158443616703153,0.0013158443616703153,0.0013158443616703153,0.0013158443616703153,0.0013158443616703153,0.0013158443616703153,0.0013158443616703153,0.0013158443616703153,0.0013158443616703153,0.0013158443616703153,0.0013158443616703153,0.0013158443616703153,0.0013158443616703153,0.0013158449437469244,0.0013158443616703153,0.0013158443616703153,0.974998950958252,0.0013158443616703153,0.0013158443616703153
142,0.9827263951301575,0.0009091371903195977,0.0009091372485272586,0.0009091371903195977,0.0009091371903195977,0.0009091371903195977,0.0009091371903195977,0.0009091371903195977,0.0009091371903195977,0.0009091371903195977,0.0009091371903195977,0.0009091371903195977,0.0009091371903195977,0.0009091371903195977,0.0009091371903195977,0.0009091371903195977,0.0009091371903195977,0.0009091371903195977,0.0009091371903195977,0.0009091371903195977
143,0.001111172023229301,0.001111172023229301,0.3943968713283539,0.3201437294483185,0.001111172023229301,0.001111172023229301,0.001111172023229301,0.16618773341178894,0.10149288922548294,0.001111172023229301,0.001111172023229301,0.001111172023229301,0.001111172023229301,0.001111172023229301,0.001111172023229301,0.001111172023229301,0.001111172023229301,0.001111172023229301,0.001111172023229301,0.001111172023229301
144,0.986028790473938,0.0007353295222856104,0.0007353295222856104,0.0007353295222856104,0.0007353295222856104,0.0007353295222856104,0.0007353295222856104,0.0007353295222856104,0.0007353295222856104,0.0007353295222856104,0.0007353295222856104,0.0007353295222856104,0.0007353295222856104,0.0007353295222856104,0.0007353295222856104,0.0007353295222856104,0.0007353295222856104,0.0007353295222856104,0.0007353295222856104,0.0007353295222856104
145,0.0017859109211713076,0.0017859110375866294,0.0017859109211713076,0.11572138965129852,0.0017859109211713076,0.0017859109211713076,0.0017859109211713076,0.0017859109211713076,0.0017859109211713076,0.0017859109211713076,0.0017859109211713076,0.6980209946632385,0.0017859109211713076,0.0017859109211713076,0.0017859110375866294,0.0017859109211713076,0.0017859109211713076,0.0017859109211713076,0.1558971405029297,0.0017859109211713076
146,0.2931154668331146,0.0014286566292867064,0.0014286566292867064,0.0014286566292867064,0.0014286566292867064,0.0014286566292867064,0.0014286566292867064,0.0014286566292867064,0.0014286566292867064,0.0014286566292867064,0.0014286566292867064,0.0014286566292867064,0.0014286566292867064,0.6811686754226685,0.0014286566292867064,0.0014286566292867064,0.0014286566292867064,0.0014286566292867064,0.0014286566292867064,0.0014286566292867064
147,0.0006410605274140835,0.0006410605274140835,0.0006410605274140835,0.0006410605274140835,0.0006410605274140835,0.0006410605274140835,0.0006410605274140835,0.0006410605274140835,0.0006410605274140835,0.0006410605274140835,0.0006410605274140835,0.5816440582275391,0.0006410605274140835,0.4068168103694916,0.0006410605274140835,0.0006410605274140835,0.0006410605274140835,0.0006410605274140835,0.0006410605274140835,0.0006410605274140835
148,0.0007813053089194,0.0007813053089194,0.0007813053089194,0.0007813053089194,0.0007813053089194,0.0007813053089194,0.0007813053089194,0.0007813053089194,0.0007813053089194,0.0007813053089194,0.0007813053089194,0.0007813053089194,0.0007813053089194,0.9851551651954651,0.0007813053089194,0.0007813053089194,0.0007813053089194,0.0007813053089194,0.0007813053089194,0.0007813053089194
149,0.000833389291074127,0.000833389291074127,0.28490179777145386,0.000833389291074127,0.000833389291074127,0.13898341357707977,0.000833389291074127,0.5619471669197083,0.000833389291074127,0.000833389291074127,0.000833389291074127,0.000833389291074127,0.000833389291074127,0.000833389291074127,0.000833389291074127,0.000833389291074127,0.000833389291074127,0.000833389291074127,0.000833389291074127,0.000833389291074127
150,0.0002824984258040786,0.0002824984258040786,0.0002824984258040786,0.00028249845490790904,0.0002824984258040786,0.0002824984258040786,0.9946325421333313,0.0002824984258040786,0.0002824984258040786,0.0002824984258040786,0.0002824984258040786,0.0002824984258040786,0.0002824984258040786,0.0002824984258040786,0.0002824984258040786,0.0002824984258040786,0.0002824984258040786,0.0002824984258040786,0.0002824984258040786,0.0002824984258040786
151,0.0002809191937558353,0.31442174315452576,0.0002809191937558353,0.0002809191937558353,0.0002809191937558353,0.0002809191937558353,0.0002809191937558353,0.0002809191937558353,0.0002809191937558353,0.0002809191937558353,0.6805217266082764,0.0002809191937558353,0.0002809191937558353,0.0002809191937558353,0.0002809191937558353,0.0002809191937558353,0.0002809191937558353,0.0002809191937558353,0.0002809191937558353,0.0002809191937558353
152,0.0005494861397892237,0.0005494861397892237,0.0005494861397892237,0.0005494861397892237,0.0005494861397892237,0.0005494861397892237,0.0005494861397892237,0.0005494861397892237,0.0005494861397892237,0.0005494861397892237,0.0005494861397892237,0.4408455491065979,0.0005494861397892237,0.5492636561393738,0.0005494861397892237,0.0005494861397892237,0.0005494861397892237,0.0005494861397892237,0.0005494861397892237,0.0005494861979968846
153,0.0006849723868072033,0.0006849723868072033,0.0006849723868072033,0.0006849723868072033,0.07387438416481018,0.0006849723868072033,0.0006849723868072033,0.0006849723868072033,0.0006849723868072033,0.0006849723868072033,0.0006849723868072033,0.0006849723868072033,0.0006849723868072033,0.913796067237854,0.0006849724450148642,0.0006849723868072033,0.0006849723868072033,0.0006849723868072033,0.0006849723868072033,0.0006849723868072033
154,0.0006024540052749217,0.0006024540052749217,0.0006024540052749217,0.1835774928331375,0.0006024540052749217,0.0006024540052749217,0.0006024540052749217,0.6935224533081055,0.0006024540052749217,0.0006024540052749217,0.0006024540052749217,0.0006024540052749217,0.0006024540052749217,0.0006024540052749217,0.0006024540052749217,0.0006024540052749217,0.0006024540052749217,0.0006024540052749217,0.1126583069562912,0.0006024540052749217
155,0.0011364181991666555,0.0011364181991666555,0.0011364181991666555,0.0011364181991666555,0.0011364181991666555,0.0011364181991666555,0.9784080386161804,0.0011364181991666555,0.0011364181991666555,0.0011364181991666555,0.0011364181991666555,0.0011364181991666555,0.0011364181991666555,0.0011364181991666555,0.0011364181991666555,0.0011364181991666555,0.0011364181991666555,0.0011364181991666555,0.0011364181991666555,0.0011364183155819774
156,0.0011905928840860724,0.9773787260055542,0.0011905930005013943,0.0011905928840860724,0.0011905928840860724,0.0011905928840860724,0.0011905928840860724,0.0011905928840860724,0.0011905928840860724,0.0011905928840860724,0.0011905928840860724,0.0011905928840860724,0.0011905928840860724,0.0011905928840860724,0.0011905928840860724,0.0011905928840860724,0.0011905928840860724,0.0011905928840860724,0.0011905928840860724,0.0011905928840860724
157,0.0006024540052749217,0.9885534048080444,0.0006024540052749217,0.0006024540052749217,0.0006024540052749217,0.0006024540052749217,0.0006024540052749217,0.0006024540052749217,0.0006024540634825826,0.0006024540052749217,0.0006024540052749217,0.0006024540052749217,0.0006024540052749217,0.0006024540052749217,0.0006024540052749217,0.0006024540052749217,0.0006024540052749217,0.0006024540052749217,0.0006024540052749217,0.0006024540052749217
158,0.0009615636081434786,0.0009615636081434786,0.0009615636081434786,0.0009615636081434786,0.0009615636081434786,0.0009615636081434786,0.0009615636081434786,0.0009615636081434786,0.0009615636081434786,0.0009615636081434786,0.0009615636081434786,0.0009615636081434786,0.0009615636081434786,0.0009615636081434786,0.0009615636081434786,0.0009615636081434786,0.9817302823066711,0.0009615636081434786,0.0009615636081434786,0.0009615636081434786
159,0.001020457362756133,0.0010204572463408113,0.9806113243103027,0.0010204572463408113,0.0010204572463408113,0.0010204572463408113,0.0010204572463408113,0.0010204572463408113,0.0010204572463408113,0.0010204572463408113,0.0010204572463408113,0.0010204572463408113,0.0010204572463408113,0.0010204572463408113,0.0010204572463408113,0.0010204572463408113,0.0010204572463408113,0.0010204572463408113,0.0010204572463408113,0.0010204572463408113
160,0.004545589443296194,0.004545589443296194,0.004545589443296194,0.004545589443296194,0.004545590840280056,0.004545589443296194,0.004545589443296194,0.713374674320221,0.004545589443296194,0.20480474829673767,0.004545589443296194,0.004545589443296194,0.004545589443296194,0.004545589443296194,0.004545589443296194,0.004545589443296194,0.004545589443296194,0.004545589443296194,0.004545589443296194,0.004545589443296194
161,0.006250269245356321,0.006250269245356321,0.006250269245356321,0.006250269245356321,0.006250269245356321,0.006250269245356321,0.006250269245356321,0.006250269245356321,0.006250269245356321,0.006250269245356321,0.006250269711017609,0.006250269245356321,0.006250269245356321,0.006250269245356321,0.006250269245356321,0.006250269245356321,0.006250269245356321,0.006250269245356321,0.006250269245356321,0.8812448978424072
162,0.0009259767830371857,0.0009259767830371857,0.0009259767830371857,0.0009259767830371857,0.0009259767830371857,0.0009259767830371857,0.0009259767830371857,0.0009259767830371857,0.0009259767830371857,0.0009259767830371857,0.0009259767830371857,0.9824064373970032,0.0009259767830371857,0.0009259767830371857,0.0009259767830371857,0.0009259767830371857,0.0009259767830371857,0.0009259767830371857,0.0009259767830371857,0.0009259767830371857
163,0.34387800097465515,0.0022728361655026674,0.0022728361655026674,0.24806995689868927,0.0022728361655026674,0.0022728361655026674,0.0022728361655026674,0.0022728361655026674,0.0022728361655026674,0.0022728361655026674,0.0022728361655026674,0.0022728361655026674,0.0022728361655026674,0.0022728361655026674,0.0022728361655026674,0.0022728361655026674,0.0022728361655026674,0.0022728361655026674,0.0022728361655026674,0.369413822889328
164,0.6697685122489929,0.0009091364918276668,0.0009091364918276668,0.0009091364918276668,0.0009091364918276668,0.0009091364918276668,0.0009091364918276668,0.0009091364918276668,0.0009091364918276668,0.0009091364918276668,0.0009091364918276668,0.0009091364918276668,0.0009091364918276668,0.0009091364918276668,0.0009091364918276668,0.0009091364918276668,0.0009091364918276668,0.0009091364918276668,0.0009091364918276668,0.3138669729232788
165,0.003846367122605443,0.003846367122605443,0.003846367122605443,0.003846367122605443,0.003846367122605443,0.42338764667510986,0.003846367122605443,0.003846367122605443,0.0038463675882667303,0.003846367122605443,0.003846367122605443,0.0038463675882667303,0.003846367122605443,0.5073778033256531,0.003846367122605443,0.003846367122605443,0.003846367122605443,0.003846367122605443,0.003846367122605443,0.003846367122605443
166,0.008333606645464897,0.008333606645464897,0.008333606645464897,0.008333606645464897,0.008333606645464897,0.008333606645464897,0.008333606645464897,0.008333606645464897,0.008333606645464897,0.008333606645464897,0.008333606645464897,0.008333606645464897,0.008333606645464897,0.2334497570991516,0.008333606645464897,0.008333606645464897,0.008333606645464897,0.008333606645464897,0.008333606645464897,0.6165453791618347
167,0.0006097876466810703,0.0006097876466810703,0.0006097876466810703,0.0006097877048887312,0.0006097876466810703,0.0006097876466810703,0.0006097876466810703,0.0006097876466810703,0.0006097876466810703,0.0006097876466810703,0.0006097876466810703,0.0006097876466810703,0.0006097876466810703,0.9884140491485596,0.0006097876466810703,0.0006097876466810703,0.0006097876466810703,0.0006097876466810703,0.0006097876466810703,0.0006097876466810703
168,0.0013513920130208135,0.0013513920130208135,0.0013513920130208135,0.0013513920130208135,0.0013513920130208135,0.0013513920130208135,0.0013513920130208135,0.0013513920130208135,0.0013513920130208135,0.0013513920130208135,0.0013513920130208135,0.0013513920130208135,0.0013513920130208135,0.0013513920130208135,0.0013513920130208135,0.0013513920130208135,0.9743235111236572,0.0013513920130208135,0.0013513920130208135,0.0013513920130208135
169,0.000862122280523181,0.000862122280523181,0.602308452129364,0.3821733295917511,0.000862122280523181,0.000862122280523181,0.000862122280523181,0.000862122280523181,0.000862122280523181,0.000862122280523181,0.000862122280523181,0.000862122280523181,0.000862122280523181,0.000862122280523181,0.000862122280523181,0.000862122280523181,0.000862122280523181,0.000862122280523181,0.000862122280523181,0.000862122280523181
170,0.0012195711024105549,0.0012195711024105549,0.0012195711024105549,0.0012195711024105549,0.0012195711024105549,0.0012195711024105549,0.0012195711024105549,0.0012195711024105549,0.0012195711024105549,0.0012195711024105549,0.9768281579017639,0.0012195711024105549,0.0012195711024105549,0.0012195711024105549,0.0012195711024105549,0.0012195711024105549,0.0012195711024105549,0.0012195711024105549,0.0012195711024105549,0.0012195711024105549
171,0.00048545983736403286,0.00048545983736403286,0.00048545983736403286,0.00048545983736403286,0.00048545983736403286,0.00048545983736403286,0.00048545983736403286,0.00048545983736403286,0.00048545983736403286,0.00048545983736403286,0.00048545983736403286,0.00048545983736403286,0.00048545983736403286,0.00048545983736403286,0.00048545983736403286,0.9907763004302979,0.00048545983736403286,0.00048545983736403286,0.00048545983736403286,0.00048545983736403286
172,0.0011111522326245904,0.0011111522326245904,0.0011111522326245904,0.0011111522326245904,0.0011111522326245904,0.0011111522326245904,0.0011111522326245904,0.0011111522326245904,0.0011111522326245904,0.0011111522326245904,0.0011111522326245904,0.0011111522326245904,0.0011111522326245904,0.0011111522326245904,0.0011111522326245904,0.0011111522326245904,0.0011111522326245904,0.9788880944252014,0.0011111522326245904,0.0011111522326245904
173,0.0005376780172809958,0.0005376780172809958,0.0005376780172809958,0.9897841215133667,0.0005376780172809958,0.0005376780172809958,0.0005376780172809958,0.0005376780172809958,0.0005376780172809958,0.0005376780172809958,0.0005376780172809958,0.0005376780172809958,0.0005376780172809958,0.0005376780172809958,0.0005376780172809958,0.0005376780172809958,0.0005376780172809958,0.0005376780172809958,0.0005376780172809958,0.0005376780172809958
174,0.0007143223192542791,0.0007143223192542791,0.0007143223192542791,0.0007143223192542791,0.0007143223192542791,0.0007143223192542791,0.0007143223192542791,0.0007143223192542791,0.0007143223192542791,0.0007143223192542791,0.0007143223192542791,0.0007143223192542791,0.0007143223192542791,0.0007143223192542791,0.986427903175354,0.0007143223192542791,0.0007143223192542791,0.0007143223192542791,0.0007143223192542791,0.0007143223192542791
175,0.00047622661804780364,0.00047622661804780364,0.00047622661804780364,0.00047622661804780364,0.00047622661804780364,0.00047622661804780364,0.00047622661804780364,0.00047622661804780364,0.2380923479795456,0.00047622661804780364,0.00047622661804780364,0.00047622661804780364,0.00047622661804780364,0.4548870921134949,0.00047622661804780364,0.00047622661804780364,0.00047622661804780364,0.00047622661804780364,0.2989247143268585,0.00047622661804780364
176,0.0007353256223723292,0.0007353256223723292,0.0007353256223723292,0.000735325796995312,0.0007353256223723292,0.0007353256223723292,0.0007353256223723292,0.0007353256223723292,0.0007353256223723292,0.0007353256223723292,0.0007353256223723292,0.9860288500785828,0.0007353256223723292,0.0007353256223723292,0.0007353256223723292,0.0007353256223723292,0.0007353256223723292,0.0007353256223723292,0.0007353256223723292,0.0007353256223723292
177,0.000980468699708581,0.000980468699708581,0.000980468699708581,0.000980468699708581,0.000980468699708581,0.000980468699708581,0.000980468699708581,0.000980468699708581,0.000980468699708581,0.000980468699708581,0.000980468699708581,0.000980468699708581,0.000980468699708581,0.9813711047172546,0.000980468699708581,0.000980468699708581,0.000980468699708581,0.000980468699708581,0.000980468699708581,0.000980468699708581
178,0.0012500602751970291,0.0012500602751970291,0.0012500602751970291,0.0012500602751970291,0.0012500602751970291,0.0012500602751970291,0.0012500602751970291,0.0012500602751970291,0.0012500602751970291,0.0012500602751970291,0.0012500602751970291,0.0012500602751970291,0.0012500602751970291,0.0012500602751970291,0.0012500602751970291,0.0012500602751970291,0.0012500602751970291,0.9762488603591919,0.0012500602751970291,0.0012500602751970291
179,0.9749987125396729,0.0013158564688637853,0.0013158563524484634,0.0013158563524484634,0.0013158563524484634,0.0013158563524484634,0.0013158563524484634,0.0013158563524484634,0.0013158563524484634,0.0013158563524484634,0.0013158563524484634,0.0013158563524484634,0.0013158563524484634,0.0013158563524484634,0.0013158563524484634,0.0013158563524484634,0.0013158563524484634,0.0013158563524484634,0.0013158563524484634,0.0013158563524484634
180,0.08718232065439224,0.0009434534586034715,0.0009434534586034715,0.6386408805847168,0.0009434534586034715,0.0009434534586034715,0.051376696676015854,0.0009434534586034715,0.0009434534586034715,0.0009434534586034715,0.0009434534586034715,0.12390421330928802,0.0009434534586034715,0.0009434534586034715,0.0009434534586034715,0.0009434534586034715,0.0009434534586034715,0.0009434534586034715,0.08474405854940414,0.0009434534586034715
181,0.00030488913762383163,0.00030488913762383163,0.00030488913762383163,0.9942071437835693,0.00030488913762383163,0.00030488913762383163,0.00030488913762383163,0.00030488913762383163,0.00030488913762383163,0.00030488913762383163,0.00030488913762383163,0.00030488913762383163,0.00030488913762383163,0.00030488913762383163,0.00030488913762383163,0.00030488913762383163,0.00030488913762383163,0.0003048891667276621,0.00030488913762383163,0.00030488913762383163
182,0.0006849922356195748,0.0006849922356195748,0.0006849922356195748,0.0006849922356195748,0.0006849922356195748,0.0006849922356195748,0.0006849922356195748,0.7298905849456787,0.0006849922356195748,0.0006849922356195748,0.0006849922356195748,0.0006849922356195748,0.0006849922356195748,0.0006849922356195748,0.0006849922356195748,0.2577795684337616,0.0006849922356195748,0.0006849922356195748,0.0006849922356195748,0.0006849922356195748
183,0.00030488931224681437,0.00030488931224681437,0.00030488931224681437,0.9942071437835693,0.00030488931224681437,0.00030488931224681437,0.00030488931224681437,0.00030488931224681437,0.00030488931224681437,0.00030488931224681437,0.00030488931224681437,0.00030488931224681437,0.00030488931224681437,0.00030488931224681437,0.00030488931224681437,0.00030488931224681437,0.00030488931224681437,0.00030488931224681437,0.00030488931224681437,0.00030488931224681437
184,0.000735329173039645,0.000735329173039645,0.986028790473938,0.000735329173039645,0.000735329173039645,0.000735329173039645,0.000735329173039645,0.000735329173039645,0.000735329173039645,0.000735329173039645,0.000735329173039645,0.000735329173039645,0.000735329173039645,0.000735329173039645,0.000735329173039645,0.000735329173039645,0.000735329173039645,0.000735329173039645,0.000735329173039645,0.000735329173039645
185,0.0008772343280725181,0.0008772343280725181,0.0008772343280725181,0.0008772343280725181,0.0008772343280725181,0.0008772343280725181,0.0008772343280725181,0.9833325147628784,0.0008772343280725181,0.0008772343280725181,0.0008772343280725181,0.0008772343280725181,0.0008772343280725181,0.0008772343280725181,0.0008772343280725181,0.0008772343280725181,0.0008772343280725181,0.0008772343280725181,0.0008772343280725181,0.0008772343280725181
186,0.0007692709332332015,0.0007692709332332015,0.985383927822113,0.0007692709332332015,0.0007692709332332015,0.0007692709332332015,0.0007692709332332015,0.0007692711660638452,0.0007692709332332015,0.0007692709332332015,0.0007692709332332015,0.0007692709332332015,0.0007692709332332015,0.0007692709332332015,0.0007692709332332015,0.0007692709332332015,0.0007692709332332015,0.0007692709332332015,0.0007692709332332015,0.0007692709332332015
187,0.0006329577299766243,0.0006329577299766243,0.2524156868457794,0.0006329577299766243,0.0006329577299766243,0.0006329577299766243,0.0006329577299766243,0.7124233245849609,0.0006329577299766243,0.0006329577299766243,0.0006329577299766243,0.0006329577299766243,0.0006329577299766243,0.0006329577299766243,0.0006329577299766243,0.0006329577299766243,0.0006329577299766243,0.024400627240538597,0.0006329577299766243,0.0006329577299766243
188,0.0006849832134321332,0.9869853854179382,0.0006849832134321332,0.0006849832134321332,0.0006849832134321332,0.0006849832134321332,0.0006849832134321332,0.0006849832134321332,0.0006849832134321332,0.0006849832134321332,0.0006849832134321332,0.0006849832134321332,0.0006849832134321332,0.0006849832134321332,0.0006849832134321332,0.0006849832134321332,0.0006849832134321332,0.0006849832134321332,0.0006849832134321332,0.0006849832134321332
189,0.000980456592515111,0.981371283531189,0.000980456592515111,0.000980456592515111,0.000980456592515111,0.000980456592515111,0.000980456592515111,0.000980456592515111,0.000980456592515111,0.000980456592515111,0.000980456592515111,0.000980456592515111,0.000980456592515111,0.000980456592515111,0.000980456592515111,0.000980456592515111,0.000980456592515111,0.000980456592515111,0.000980456592515111,0.000980456592515111
